id,key,ip,date,policy
335,1,10.0.2.2,2021-10-22 16:35:51.0322,사용자정의탐지(dasf)
336,1,10.0.2.2,2021-10-22 16:35:51.035439,사용자정의탐지(d)
337,1,10.0.2.2,2021-10-22 16:35:51.037359,ip차단
338,2,10.0.2.2,2021-10-22 16:35:51.330376,사용자정의탐지(dasf)
339,2,10.0.2.2,2021-10-22 16:35:51.333158,사용자정의탐지(d)
340,2,10.0.2.2,2021-10-22 16:35:51.335322,ip차단
341,3,10.0.2.2,2021-10-22 16:35:51.686887,사용자정의탐지(dasf)
342,3,10.0.2.2,2021-10-22 16:35:51.688593,사용자정의탐지(d)
343,3,10.0.2.2,2021-10-22 16:35:51.68994,ip차단
344,4,10.0.2.2,2021-10-22 16:36:01.891101,사용자정의탐지(dasf)
345,4,10.0.2.2,2021-10-22 16:36:02.015671,사용자정의탐지(d)
346,4,10.0.2.2,2021-10-22 16:36:02.017136,ip차단
347,5,10.0.2.2,2021-10-22 16:36:02.157483,사용자정의탐지(dasf)
348,5,10.0.2.2,2021-10-22 16:36:02.159505,사용자정의탐지(d)
349,5,10.0.2.2,2021-10-22 16:36:02.16141,ip차단
350,6,10.0.2.2,2021-10-22 16:36:02.407783,사용자정의탐지(dasf)
351,6,10.0.2.2,2021-10-22 16:36:02.409527,사용자정의탐지(d)
352,6,10.0.2.2,2021-10-22 16:36:02.412733,ip차단
353,7,10.0.2.2,2021-10-22 16:36:02.711833,사용자정의탐지(dasf)
354,7,10.0.2.2,2021-10-22 16:36:02.713667,사용자정의탐지(d)
355,7,10.0.2.2,2021-10-22 16:36:02.715575,ip차단
356,8,10.0.2.2,2021-10-22 16:36:11.281984,사용자정의탐지(dasf)
357,8,10.0.2.2,2021-10-22 16:36:11.28385,사용자정의탐지(d)
358,8,10.0.2.2,2021-10-22 16:36:11.286208,ip차단
359,9,10.0.2.2,2021-10-22 16:36:11.485698,사용자정의탐지(dasf)
360,9,10.0.2.2,2021-10-22 16:36:11.487618,사용자정의탐지(d)
361,9,10.0.2.2,2021-10-22 16:36:11.489518,ip차단
362,10,10.0.2.2,2021-10-22 16:36:11.686947,사용자정의탐지(dasf)
363,10,10.0.2.2,2021-10-22 16:36:11.688912,사용자정의탐지(d)
364,10,10.0.2.2,2021-10-22 16:36:11.690591,ip차단
